[{"model": "admin.logentry", "pk": 1, "fields": {"action_time": "2022-10-19T23:27:39.949Z", "user": 1, "content_type": 7, "object_id": "1", "object_repr": "Doogie #1 | mpysys", "action_flag": 1, "change_message": "[{\"added\": {}}]"}}, {"model": "admin.logentry", "pk": 2, "fields": {"action_time": "2022-10-19T23:28:11.874Z", "user": 1, "content_type": 7, "object_id": "2", "object_repr": "Doogie #2 | mpysys", "action_flag": 1, "change_message": "[{\"added\": {}}]"}}, {"model": "admin.logentry", "pk": 3, "fields": {"action_time": "2022-10-19T23:36:16.317Z", "user": 1, "content_type": 4, "object_id": "1", "object_repr": "mpysys", "action_flag": 2, "change_message": "[{\"changed\": {\"fields\": [\"First name\", \"Last name\"]}}]"}}, {"model": "admin.logentry", "pk": 4, "fields": {"action_time": "2022-10-20T03:17:30.764Z", "user": 1, "content_type": 7, "object_id": "2", "object_repr": "Doogie #2 | mpysys", "action_flag": 2, "change_message": "[{\"changed\": {\"fields\": [\"Title tag\"]}}]"}}, {"model": "admin.logentry", "pk": 5, "fields": {"action_time": "2022-10-20T03:17:45.274Z", "user": 1, "content_type": 7, "object_id": "1", "object_repr": "Doogie #1 | mpysys", "action_flag": 2, "change_message": "[{\"changed\": {\"fields\": [\"Title tag\"]}}]"}}, {"model": "admin.logentry", "pk": 6, "fields": {"action_time": "2022-10-20T03:20:44.782Z", "user": 1, "content_type": 7, "object_id": "2", "object_repr": "Doogie #2 | mpysys", "action_flag": 2, "change_message": "[{\"changed\": {\"fields\": [\"Title tag\"]}}]"}}, {"model": "admin.logentry", "pk": 7, "fields": {"action_time": "2022-10-20T03:20:52.818Z", "user": 1, "content_type": 7, "object_id": "1", "object_repr": "Doogie #1 | mpysys", "action_flag": 2, "change_message": "[{\"changed\": {\"fields\": [\"Title tag\"]}}]"}}, {"model": "admin.logentry", "pk": 8, "fields": {"action_time": "2022-10-20T04:03:12.107Z", "user": 1, "content_type": 7, "object_id": "4", "object_repr": "Testing a 3rd post | mpysys", "action_flag": 3, "change_message": ""}}, {"model": "admin.logentry", "pk": 9, "fields": {"action_time": "2022-10-20T04:03:12.110Z", "user": 1, "content_type": 7, "object_id": "3", "object_repr": "Testing a 3rd post | mpysys", "action_flag": 3, "change_message": ""}}, {"model": "admin.logentry", "pk": 10, "fields": {"action_time": "2022-10-20T04:07:30.033Z", "user": 1, "content_type": 7, "object_id": "7", "object_repr": "5 | mpysys", "action_flag": 3, "change_message": ""}}, {"model": "admin.logentry", "pk": 11, "fields": {"action_time": "2022-10-20T21:34:12.805Z", "user": 1, "content_type": 4, "object_id": "2", "object_repr": "mpysys2", "action_flag": 3, "change_message": ""}}, {"model": "admin.logentry", "pk": 12, "fields": {"action_time": "2022-10-20T22:13:44.874Z", "user": 1, "content_type": 8, "object_id": "1", "object_repr": "Business", "action_flag": 1, "change_message": "[{\"added\": {}}]"}}, {"model": "admin.logentry", "pk": 13, "fields": {"action_time": "2022-10-20T22:13:50.522Z", "user": 1, "content_type": 8, "object_id": "2", "object_repr": "Technology", "action_flag": 1, "change_message": "[{\"added\": {}}]"}}, {"model": "admin.logentry", "pk": 14, "fields": {"action_time": "2022-10-20T22:13:54.855Z", "user": 1, "content_type": 8, "object_id": "3", "object_repr": "Sports", "action_flag": 1, "change_message": "[{\"added\": {}}]"}}, {"model": "admin.logentry", "pk": 15, "fields": {"action_time": "2022-10-20T22:13:58.806Z", "user": 1, "content_type": 8, "object_id": "4", "object_repr": "Gaming", "action_flag": 1, "change_message": "[{\"added\": {}}]"}}, {"model": "admin.logentry", "pk": 16, "fields": {"action_time": "2022-10-20T23:56:33.062Z", "user": 1, "content_type": 8, "object_id": "1", "object_repr": "business", "action_flag": 2, "change_message": "[{\"changed\": {\"fields\": [\"Name\"]}}]"}}, {"model": "admin.logentry", "pk": 17, "fields": {"action_time": "2022-10-20T23:56:40.050Z", "user": 1, "content_type": 8, "object_id": "2", "object_repr": "technology", "action_flag": 2, "change_message": "[{\"changed\": {\"fields\": [\"Name\"]}}]"}}, {"model": "admin.logentry", "pk": 18, "fields": {"action_time": "2022-10-20T23:56:46.063Z", "user": 1, "content_type": 8, "object_id": "4", "object_repr": "gaming", "action_flag": 2, "change_message": "[{\"changed\": {\"fields\": [\"Name\"]}}]"}}, {"model": "admin.logentry", "pk": 19, "fields": {"action_time": "2022-10-20T23:56:50.439Z", "user": 1, "content_type": 8, "object_id": "3", "object_repr": "sports", "action_flag": 2, "change_message": "[{\"changed\": {\"fields\": [\"Name\"]}}]"}}, {"model": "admin.logentry", "pk": 20, "fields": {"action_time": "2022-10-20T23:56:56.608Z", "user": 1, "content_type": 8, "object_id": "6", "object_repr": "food and beverages", "action_flag": 2, "change_message": "[{\"changed\": {\"fields\": [\"Name\"]}}]"}}, {"model": "admin.logentry", "pk": 21, "fields": {"action_time": "2022-10-20T23:57:02.171Z", "user": 1, "content_type": 8, "object_id": "5", "object_repr": "hiking", "action_flag": 2, "change_message": "[{\"changed\": {\"fields\": [\"Name\"]}}]"}}, {"model": "admin.logentry", "pk": 22, "fields": {"action_time": "2022-10-21T00:17:05.300Z", "user": 1, "content_type": 8, "object_id": "6", "object_repr": "Food and Beverages", "action_flag": 2, "change_message": "[{\"changed\": {\"fields\": [\"Name\"]}}]"}}, {"model": "admin.logentry", "pk": 23, "fields": {"action_time": "2022-10-21T00:17:08.760Z", "user": 1, "content_type": 8, "object_id": "5", "object_repr": "Hiking", "action_flag": 2, "change_message": "[{\"changed\": {\"fields\": [\"Name\"]}}]"}}, {"model": "admin.logentry", "pk": 24, "fields": {"action_time": "2022-10-21T00:17:14.601Z", "user": 1, "content_type": 8, "object_id": "4", "object_repr": "Gaming", "action_flag": 2, "change_message": "[{\"changed\": {\"fields\": [\"Name\"]}}]"}}, {"model": "admin.logentry", "pk": 25, "fields": {"action_time": "2022-10-21T00:17:18.216Z", "user": 1, "content_type": 8, "object_id": "3", "object_repr": "Sports", "action_flag": 2, "change_message": "[{\"changed\": {\"fields\": [\"Name\"]}}]"}}, {"model": "admin.logentry", "pk": 26, "fields": {"action_time": "2022-10-21T00:17:21.831Z", "user": 1, "content_type": 8, "object_id": "2", "object_repr": "Technology", "action_flag": 2, "change_message": "[{\"changed\": {\"fields\": [\"Name\"]}}]"}}, {"model": "admin.logentry", "pk": 27, "fields": {"action_time": "2022-10-21T00:17:25.220Z", "user": 1, "content_type": 8, "object_id": "1", "object_repr": "Business", "action_flag": 2, "change_message": "[{\"changed\": {\"fields\": [\"Name\"]}}]"}}, {"model": "admin.logentry", "pk": 28, "fields": {"action_time": "2022-10-21T00:27:47.695Z", "user": 1, "content_type": 8, "object_id": "6", "object_repr": "Food And Beverages", "action_flag": 2, "change_message": "[{\"changed\": {\"fields\": [\"Name\"]}}]"}}, {"model": "admin.logentry", "pk": 29, "fields": {"action_time": "2022-10-25T02:25:02.824Z", "user": 1, "content_type": 8, "object_id": "6", "object_repr": "Food And Beverages", "action_flag": 2, "change_message": "[]"}}, {"model": "admin.logentry", "pk": 30, "fields": {"action_time": "2022-10-25T02:56:55.609Z", "user": 1, "content_type": 4, "object_id": "3", "object_repr": "mpysys2", "action_flag": 1, "change_message": "[{\"added\": {}}]"}}, {"model": "admin.logentry", "pk": 31, "fields": {"action_time": "2022-10-25T03:04:33.204Z", "user": 1, "content_type": 4, "object_id": "4", "object_repr": "mpysys3", "action_flag": 1, "change_message": "[{\"added\": {}}]"}}, {"model": "admin.logentry", "pk": 32, "fields": {"action_time": "2022-10-25T03:07:34.418Z", "user": 1, "content_type": 4, "object_id": "3", "object_repr": "mpysys2", "action_flag": 2, "change_message": "[{\"changed\": {\"fields\": [\"First name\", \"Last name\"]}}]"}}, {"model": "admin.logentry", "pk": 33, "fields": {"action_time": "2022-10-25T03:07:50.213Z", "user": 1, "content_type": 4, "object_id": "4", "object_repr": "mpysys3", "action_flag": 2, "change_message": "[{\"changed\": {\"fields\": [\"First name\", \"Last name\"]}}]"}}, {"model": "admin.logentry", "pk": 34, "fields": {"action_time": "2022-10-27T11:36:28.738Z", "user": 1, "content_type": 9, "object_id": "1", "object_repr": "mpysys", "action_flag": 1, "change_message": "[{\"added\": {}}]"}}, {"model": "admin.logentry", "pk": 35, "fields": {"action_time": "2022-10-27T11:36:51.900Z", "user": 1, "content_type": 9, "object_id": "2", "object_repr": "mpysys2", "action_flag": 1, "change_message": "[{\"added\": {}}]"}}, {"model": "admin.logentry", "pk": 36, "fields": {"action_time": "2022-10-27T11:37:06.606Z", "user": 1, "content_type": 9, "object_id": "3", "object_repr": "mpysys3", "action_flag": 1, "change_message": "[{\"added\": {}}]"}}, {"model": "admin.logentry", "pk": 37, "fields": {"action_time": "2022-10-27T11:37:18.670Z", "user": 1, "content_type": 9, "object_id": "4", "object_repr": "mpysys4", "action_flag": 1, "change_message": "[{\"added\": {}}]"}}, {"model": "admin.logentry", "pk": 38, "fields": {"action_time": "2022-10-27T11:46:15.256Z", "user": 1, "content_type": 9, "object_id": "2", "object_repr": "mpysys2", "action_flag": 2, "change_message": "[{\"changed\": {\"fields\": [\"Site url\", \"Facebook url\", \"Instagram url\"]}}]"}}, {"model": "admin.logentry", "pk": 39, "fields": {"action_time": "2022-10-27T11:46:35.485Z", "user": 1, "content_type": 9, "object_id": "2", "object_repr": "mpysys2", "action_flag": 2, "change_message": "[{\"changed\": {\"fields\": [\"Profile pic\"]}}]"}}, {"model": "admin.logentry", "pk": 40, "fields": {"action_time": "2022-10-27T11:46:37.860Z", "user": 1, "content_type": 9, "object_id": "2", "object_repr": "mpysys2", "action_flag": 2, "change_message": "[{\"changed\": {\"fields\": [\"Profile pic\"]}}]"}}, {"model": "admin.logentry", "pk": 41, "fields": {"action_time": "2022-10-28T20:53:30.056Z", "user": 1, "content_type": 9, "object_id": "1", "object_repr": "mpysys", "action_flag": 2, "change_message": "[{\"changed\": {\"fields\": [\"Profile pic\"]}}]"}}, {"model": "admin.logentry", "pk": 42, "fields": {"action_time": "2022-10-28T21:00:50.532Z", "user": 1, "content_type": 9, "object_id": "1", "object_repr": "mpysys", "action_flag": 2, "change_message": "[{\"changed\": {\"fields\": [\"Site url\", \"Facebook url\", \"Instagram url\"]}}]"}}, {"model": "admin.logentry", "pk": 43, "fields": {"action_time": "2022-11-02T18:52:39.811Z", "user": 1, "content_type": 10, "object_id": "1", "object_repr": "image test - Morgan", "action_flag": 1, "change_message": "[{\"added\": {}}]"}}, {"model": "admin.logentry", "pk": 44, "fields": {"action_time": "2022-11-02T19:01:19.296Z", "user": 1, "content_type": 10, "object_id": "2", "object_repr": "image test - Morgan", "action_flag": 1, "change_message": "[{\"added\": {}}]"}}, {"model": "admin.logentry", "pk": 45, "fields": {"action_time": "2022-11-02T19:35:34.772Z", "user": 1, "content_type": 10, "object_id": "13", "object_repr": "image test - Morgan Monnet", "action_flag": 3, "change_message": ""}}, {"model": "admin.logentry", "pk": 46, "fields": {"action_time": "2022-11-02T19:35:34.775Z", "user": 1, "content_type": 10, "object_id": "12", "object_repr": "image test - Morgan Monnet", "action_flag": 3, "change_message": ""}}, {"model": "admin.logentry", "pk": 47, "fields": {"action_time": "2022-11-02T19:35:34.777Z", "user": 1, "content_type": 10, "object_id": "11", "object_repr": "image test - Morgan Monnet", "action_flag": 3, "change_message": ""}}, {"model": "admin.logentry", "pk": 48, "fields": {"action_time": "2022-11-02T19:35:34.778Z", "user": 1, "content_type": 10, "object_id": "10", "object_repr": "image test - Morgan Monnet", "action_flag": 3, "change_message": ""}}, {"model": "admin.logentry", "pk": 49, "fields": {"action_time": "2022-11-02T19:35:34.780Z", "user": 1, "content_type": 10, "object_id": "9", "object_repr": "image test - Morgan Monnet", "action_flag": 3, "change_message": ""}}, {"model": "admin.logentry", "pk": 50, "fields": {"action_time": "2022-11-02T19:35:34.782Z", "user": 1, "content_type": 10, "object_id": "8", "object_repr": "image test - Morgan Monnet", "action_flag": 3, "change_message": ""}}, {"model": "admin.logentry", "pk": 51, "fields": {"action_time": "2022-11-02T19:35:34.783Z", "user": 1, "content_type": 10, "object_id": "7", "object_repr": "image test - Morgan Monnet", "action_flag": 3, "change_message": ""}}, {"model": "admin.logentry", "pk": 52, "fields": {"action_time": "2022-11-02T19:35:34.784Z", "user": 1, "content_type": 10, "object_id": "6", "object_repr": "image test - Morgan Monnet", "action_flag": 3, "change_message": ""}}, {"model": "admin.logentry", "pk": 53, "fields": {"action_time": "2022-11-02T19:35:34.786Z", "user": 1, "content_type": 10, "object_id": "5", "object_repr": "image test - Morgan Monnet", "action_flag": 3, "change_message": ""}}, {"model": "admin.logentry", "pk": 54, "fields": {"action_time": "2022-11-02T19:35:34.788Z", "user": 1, "content_type": 10, "object_id": "4", "object_repr": "image test - Morgan Monnet", "action_flag": 3, "change_message": ""}}, {"model": "admin.logentry", "pk": 55, "fields": {"action_time": "2022-11-02T19:35:34.790Z", "user": 1, "content_type": 10, "object_id": "3", "object_repr": "image test - Morgan Monnet", "action_flag": 3, "change_message": ""}}, {"model": "admin.logentry", "pk": 56, "fields": {"action_time": "2022-11-14T18:05:45.313Z", "user": 7, "content_type": 4, "object_id": "5", "object_repr": "mpysys4", "action_flag": 2, "change_message": "[{\"changed\": {\"fields\": [\"First name\", \"Last name\", \"Email address\"]}}]"}}, {"model": "admin.logentry", "pk": 57, "fields": {"action_time": "2022-11-14T18:50:57.515Z", "user": 1, "content_type": 9, "object_id": "8", "object_repr": "testing", "action_flag": 1, "change_message": "[{\"added\": {}}]"}}, {"model": "auth.user", "pk": 1, "fields": {"password": "pbkdf2_sha256$260000$t6Z9sqw6l9YmbgY9p8Pdgx$S5FM/12wjEWVzOXL4qNvErAcn0z7YHFuTpNyfAuGHuU=", "last_login": "2022-11-15T19:10:28.871Z", "is_superuser": true, "username": "mpysys", "first_name": "Morgan", "last_name": "Monnet", "email": "monnet.morgan@gmail.com", "is_staff": true, "is_active": true, "date_joined": "2022-10-19T23:17:13Z", "groups": [], "user_permissions": []}}, {"model": "auth.user", "pk": 3, "fields": {"password": "pbkdf2_sha256$390000$1GLRr3XqzLTHuzGB4JvoX7$ZhcELGPpc2WB7gwjvkr+FR8i0yyirhuRosgSL/G66zc=", "last_login": "2022-11-14T18:21:45.697Z", "is_superuser": true, "username": "mpysys2", "first_name": "Miguel", "last_name": "Choripan", "email": "", "is_staff": false, "is_active": true, "date_joined": "2022-10-25T02:56:55Z", "groups": [], "user_permissions": []}}, {"model": "auth.user", "pk": 4, "fields": {"password": "pbkdf2_sha256$390000$Hzx4Wdbj5banOHjyIfuSwF$+YE4BOzrgdDaPtVoWHzN4G/kiQKpnWrJk3ZU14cOxNw=", "last_login": "2022-11-14T18:21:59.217Z", "is_superuser": false, "username": "mpysys3", "first_name": "Christopher", "last_name": "Colombus", "email": "", "is_staff": false, "is_active": true, "date_joined": "2022-10-25T03:04:33Z", "groups": [], "user_permissions": []}}, {"model": "auth.user", "pk": 5, "fields": {"password": "pbkdf2_sha256$390000$Mzo5XmXqM7JgJjxiDI3tI8$fRSZGc+90B0AhcLyht28Vl/uvMhJgUcUW+FeGVtwFFw=", "last_login": "2022-11-14T18:31:35.059Z", "is_superuser": false, "username": "mpysys4", "first_name": "Juan", "last_name": "More", "email": "juanmore@fb.com", "is_staff": false, "is_active": true, "date_joined": "2022-10-26T03:15:04Z", "groups": [], "user_permissions": []}}, {"model": "auth.user", "pk": 6, "fields": {"password": "pbkdf2_sha256$390000$YiQjZZrRIUdXQL4ZSPkRjp$XOCLu4hzMOlmJqbolB6EIBYQyLdq/AgowVakcIDbdeg=", "last_login": "2022-11-14T18:23:02.720Z", "is_superuser": false, "username": "mpysys5", "first_name": "Berry", "last_name": "Poppins", "email": "monnet.morgan@gmail.com", "is_staff": false, "is_active": true, "date_joined": "2022-10-28T23:34:17.115Z", "groups": [], "user_permissions": []}}, {"model": "auth.user", "pk": 7, "fields": {"password": "pbkdf2_sha256$390000$Ks6HdgQMFpvWzxPeXLsETL$66xkHVJ65LxFACx2mVCHzaFdpLlzq9/3jWd6bc6f9rI=", "last_login": "2022-11-14T17:39:45.333Z", "is_superuser": true, "username": "Teza", "first_name": "Teza", "last_name": "Phenomenal", "email": "monnet.morgan@gmail.com", "is_staff": true, "is_active": true, "date_joined": "2022-11-02T15:53:38.141Z", "groups": [], "user_permissions": []}}, {"model": "auth.user", "pk": 8, "fields": {"password": "pbkdf2_sha256$390000$u1LAF6tVFXgCrNBR1lAJ5m$zz9ehhztmCOeq63+NKsxpjp3ub/HPQEs8K0H+lq10KY=", "last_login": "2022-11-02T17:50:19.635Z", "is_superuser": false, "username": "tutor_test", "first_name": "test", "last_name": "test", "email": "tutor@test.com", "is_staff": false, "is_active": true, "date_joined": "2022-11-02T17:25:48.364Z", "groups": [], "user_permissions": []}}, {"model": "auth.user", "pk": 9, "fields": {"password": "pbkdf2_sha256$390000$31FdMLiKPNoLDOD8LcLHjH$aLndekhkfNZnUGe2RcjF2oRq6//JtbcQKM9zz7UZg1s=", "last_login": "2022-11-02T18:21:37.527Z", "is_superuser": false, "username": "Flow", "first_name": "new", "last_name": "flow", "email": "testing@gmail.com", "is_staff": false, "is_active": true, "date_joined": "2022-11-02T18:20:20.893Z", "groups": [], "user_permissions": []}}, {"model": "auth.user", "pk": 10, "fields": {"password": "pbkdf2_sha256$390000$fFRS6Zvei6jjefmhgKu0X3$oFp/hNYGVsf0ExKodelhdxaspwmFly0IRnV569UTTFQ=", "last_login": null, "is_superuser": false, "username": "facundo", "first_name": "facu", "last_name": "facu", "email": "facu@gmail.com", "is_staff": false, "is_active": true, "date_joined": "2022-11-10T14:30:37.172Z", "groups": [], "user_permissions": []}}, {"model": "auth.user", "pk": 11, "fields": {"password": "pbkdf2_sha256$390000$QjXxZpIkVmBJwXNkHXs5TJ$5z5vYnx+EpDwD4Az8SCASrf4DV0uY4m2mXzdlmu+w+E=", "last_login": "2022-11-14T18:51:06.016Z", "is_superuser": false, "username": "testing", "first_name": "Michel", "last_name": "Testeur", "email": "test@gmail.com", "is_staff": false, "is_active": true, "date_joined": "2022-11-14T18:37:45.699Z", "groups": [], "user_permissions": []}}, {"model": "auth.user", "pk": 12, "fields": {"password": "pbkdf2_sha256$390000$jTiZ15MNhFX1NYSjaqv11r$4L3mX9/wu6qL3dJYWebdRjpfAQbTdj4O6pyHUVe9eAU=", "last_login": "2022-11-14T18:58:13.960Z", "is_superuser": false, "username": "newuser", "first_name": "niou", "last_name": "yuser", "email": "yuser@gmail.com", "is_staff": false, "is_active": true, "date_joined": "2022-11-14T18:58:07.414Z", "groups": [], "user_permissions": []}}, {"model": "sessions.session", "pk": "2hugb71w3p0ri5bpg9uwy401f1jqvicp", "fields": {"session_data": ".eJxVjDkOwjAUBe_iGlneEtuU9DlD9DdIANlSnFSIu0OkFNC-mXkvNcK2TuPWZBlnVmdl1el3Q6CHlB3wHcqtaqplXWbUu6IP2vRQWZ6Xw_07mKBN37qDiNgF79n1NrEIJUeUo7BPvkOxrgcCFhOEkVL2GKWPwdE1G2ssqvcH_iY4ig:1ot8Zo:hupIGmTN6Y_g90DUuWiV2D1vMQKqzJHZmpd27nALW-c", "expire_date": "2022-11-24T14:30:44.071Z"}}, {"model": "sessions.session", "pk": "9qaer32xowrjs2jaytlsdev1plw2ihx5", "fields": {"session_data": ".eJxVjDkOwjAUBe_iGlneEtuU9DlD9DdIANlSnFSIu0OkFNC-mXkvNcK2TuPWZBlnVmdl1el3Q6CHlB3wHcqtaqplXWbUu6IP2vRQWZ6Xw_07mKBN37qDiNgF79n1NrEIJUeUo7BPvkOxrgcCFhOEkVL2GKWPwdE1G2ssqvcH_iY4ig:1ouyqu:mfCh0hM_4TgIWYvG12V081tFm8_g4Ep4WLs6JFoIBp8", "expire_date": "2022-11-29T16:32:00.107Z"}}, {"model": "sessions.session", "pk": "fmybiwtfckxklze82uffmty204ot8mft", "fields": {"session_data": ".eJxVjEEOwiAQRe_C2hAohYJL956BzDCDVA0kpV0Z765NutDtf-_9l4iwrSVunZc4kzgLL06_G0J6cN0B3aHemkytrsuMclfkQbu8NuLn5XD_Dgr08q1VwCEknDI4Q-xo5DwFDd6TTwSkNCrwyloAYmPsqEgzIFqdch6CceL9AQ5IOOo:1oqHsZ:UgxswFgCwfvYAb5kcGUSFiiHalCN940Amy5l6SNZlBE", "expire_date": "2022-11-16T17:50:19.638Z"}}, {"model": "sessions.session", "pk": "ghd1a2ms28wca87entnuqpyahluhuctu", "fields": {"session_data": ".eJxVjDkOwjAUBe_iGlneEtuU9DlD9DdIANlSnFSIu0OkFNC-mXkvNcK2TuPWZBlnVmdl1el3Q6CHlB3wHcqtaqplXWbUu6IP2vRQWZ6Xw_07mKBN37qDiNgF79n1NrEIJUeUo7BPvkOxrgcCFhOEkVL2GKWPwdE1G2ssqvcH_iY4ig:1oqK09:7CsyRoHWR-ibs-AKUlq1IXvgjjmfx-onhiDXwVj_qwM", "expire_date": "2022-11-16T20:06:17.454Z"}}, {"model": "sessions.session", "pk": "gxju7ijb4qfeazdflw92453k06rgr3ux", "fields": {"session_data": ".eJxVjDsOwjAQBe_iGlmOfziU9DmDtd5d4wCypTipEHeHSCmgfTPzXiLCtpa4dV7iTOIiBnH63RLgg-sO6A711iS2ui5zkrsiD9rl1Iif18P9OyjQy7cOnpIZkUdAtICsdchZ2eCyN9lr8DpTsg69VpYMMZ3JJ2bNTg0JnRXvDw0ROPE:1ov1KG:VHTXink2SejXsexv1WmD5En0VVJSjSYijsKBTC9xOL4", "expire_date": "2022-11-29T19:10:28.873Z"}}, {"model": "sessions.session", "pk": "h948mnncud7b5bgcn8ojsyny9uu72x5u", "fields": {"session_data": ".eJxVjMsOwiAQRf-FtSHlPbh07zeQAQapGkhKuzL-uzbpQrf3nHNfLOC21rANWsKc2ZlZdvrdIqYHtR3kO7Zb56m3dZkj3xV-0MGvPdPzcrh_BxVH_dZeogNAOyljwGvhJihWRcomgjTaJoRMJB0KpbTzIFBHR7L4gkmn6Nn7A8ANN5A:1ouI1W:CkBHmF4iItQNsrSsCY60-2f7427HwhKtLLtnA58fy84", "expire_date": "2022-11-27T18:48:06.423Z"}}, {"model": "sessions.session", "pk": "k63cjqwmz72mauifbn0cmakarvx3ecka", "fields": {"session_data": ".eJxVjDkOwjAUBe_iGlneEtuU9DlD9DdIANlSnFSIu0OkFNC-mXkvNcK2TuPWZBlnVmdl1el3Q6CHlB3wHcqtaqplXWbUu6IP2vRQWZ6Xw_07mKBN37qDiNgF79n1NrEIJUeUo7BPvkOxrgcCFhOEkVL2GKWPwdE1G2ssqvcH_iY4ig:1onsQ7:dquiw5Q9F0Ocv_r4l0RKQvSpxk5y2P06wEbTkfGR93U", "expire_date": "2022-11-10T02:14:59.302Z"}}, {"model": "sessions.session", "pk": "n9vxasrp4bqr6opq86a2qy4eulm7nm6b", "fields": {"session_data": ".eJxVjEEOgkAMRe8yazMBxpbWpXvPQGbaIqhhEgZWxrsLCQvd_vfef7sursvQrcXmblR3ccGdfrcU5WnTDvQRp3v2kqdlHpPfFX_Q4m9Z7XU93L-DIZZhq3uWGqEVRJMA2jMZAQK2RD2nRtm4JqQGqrRJZzARCkisXKFGMff5Atl5N7w:1ouGWD:ljqqei5zpn8uAC8mACegxBanFLhs-G-wwYfXf6CGB58", "expire_date": "2022-11-27T17:11:41.309Z"}}, {"model": "sessions.session", "pk": "qie6fe85qcgifeuofrl90g6j3b9e29hy", "fields": {"session_data": ".eJxVjEEOgkAMRe8yazMBxpbWpXvPQGbaIqhhEgZWxrsLCQvd_vfef7sursvQrcXmblR3ccGdfrcU5WnTDvQRp3v2kqdlHpPfFX_Q4m9Z7XU93L-DIZZhq3uWGqEVRJMA2jMZAQK2RD2nRtm4JqQGqrRJZzARCkisXKFGMff5Atl5N7w:1oqHCg:OSwHLcM1UrLWs3g9EFZ7w6BDlClJw6SxjTGwew89oS0", "expire_date": "2022-11-16T17:07:02.513Z"}}, {"model": "sessions.session", "pk": "yiw9izrdrpmzsgu2qflyiij7c9nyaknq", "fields": {"session_data": ".eJxVjEEOwiAQRe_C2pBOoTC4dO8ZyMBMbdVAUtqV8e7apAvd_vfef6lI2zrFrckSZ1ZnBer0uyXKDyk74DuVW9W5lnWZk94VfdCmr5XleTncv4OJ2vStLRF07JLFDGOHIAOYAGFgP3aOMbu-t8YzEho3WvHofBoAgwUjBgTU-wPGGDa8:1olIJM:GNRzwoWg-xAMMOve8lh4yK7MHu2xgG5Ns2d25lapKEg", "expire_date": "2022-11-02T23:17:20.116Z"}}, {"model": "nooz2.post", "pk": 2, "fields": {"title": "Doogie #1", "title_tag": "First doogie", "header_image": "", "description": "Click above to read more", "author": 1, "body": "<p><img alt=\"\" src=\"https://cdn.shopify.com/s/files/1/0174/0046/products/I_M_FIRST_PIN_1200x1200.jpg\" /></p>", "timestamp": "2022-10-20", "category": "News", "likes": []}}, {"model": "nooz2.post", "pk": 5, "fields": {"title": "Second Doogie", "title_tag": "This is the 2nd post", "header_image": "", "description": "Click above to read more", "author": 1, "body": "Second doogie is fire", "timestamp": "2022-10-20", "category": "News", "likes": []}}, {"model": "nooz2.post", "pk": 6, "fields": {"title": "3rd post for the win", "title_tag": "FTW!", "header_image": "", "description": "Click above to read more", "author": 1, "body": "Doing a third post for fill", "timestamp": "2022-10-20", "category": "News", "likes": []}}, {"model": "nooz2.post", "pk": 7, "fields": {"title": "4th post", "title_tag": "4k!", "header_image": "", "description": "Click above to read more", "author": 1, "body": "I am going to write a bit more than usual - I am going to write a bit more than usual - I am going to write a bit more than usual - I am going to write a bit more than usual - I am going to write a bit more than usual - I am going to write a bit more than usual", "timestamp": "2022-10-20", "category": "News", "likes": []}}, {"model": "nooz2.post", "pk": 8, "fields": {"title": "Filler Text", "title_tag": "Lorem ipsum", "header_image": "", "description": "Click above to read more", "author": 1, "body": "<p>Lorem <strong>ipsum dolor</strong> sit amet, consectetur adipiscing elit. Donec vitae condimentum lorem, sed dapibus diam. Aenean pretium mauris leo, et commodo orci varius ac. Donec faucibus auctor vestibulum. Praesent bibendum quis tortor ac maximus. Fusce semper dictum felis ut pulvinar. Fusce vel suscipit enim, ut consectetur diam. Sed mauris dui, tincidunt sit amet pulvinar nec, commodo nec erat. Donec in erat id ex gravida pulvinar. In sit amet tortor scelerisque, posuere tortor id, ultricies purus. Interdum et malesuada fames ac ante ipsum primis in faucibus. Duis iaculis dolor eget euismod iaculis.</p>\r\n\r\n<p>Pellentesque vulputate, arcu id suscipit laoreet, leo est facilisis ex, id faucibus leo ex luctus est. Fusce nec urna porttitor, placerat diam vel, elementum lorem. Sed iaculis mi et iaculis pellentesque. Aenean ac diam congue, dignissim neque in, semper augue. Curabitur scelerisque est feugiat mi laoreet dapibus. Quisque bibendum aliquam convallis. Mauris feugiat odio nec elit feugiat, eu ultricies sem hendrerit. Aliquam facilisis cursus nulla id gravida. Cras convallis consequat felis ut porttitor. Donec sollicitudin laoreet finibus. Aenean vestibulum porttitor mi non sollicitudin.</p>\r\n\r\n<p>Fusce finibus efficitur nisl sed vulputate. Sed maximus gravida dui, vitae mattis dui luctus non. Pellentesque habitant morbi tristique senectus et netus et malesuada fames ac turpis egestas. Sed aliquam auctor massa. Curabitur cursus viverra eleifend. Ut ornare aliquet luctus. Morbi vehicula dolor ante, quis facilisis diam mattis ut. Ut varius posuere risus sit amet commodo. Mauris accumsan aliquam gravida. Donec sit amet libero dolor. Lorem ipsum dolor sit amet, consectetur adipiscing elit. In finibus lobortis fringilla. Cras mi ex, sodales eu eros vitae, tempus finibus ante. Maecenas venenatis enim vehicula ornare gravida.</p>\r\n\r\n<p>Suspendisse in volutpat quam, nec sagittis eros. Phasellus sed posuere ipsum. Praesent malesuada iaculis interdum. Proin consectetur mattis diam, et interdum lectus tristique non. Nam et pharetra eros. Interdum et malesuada fames ac ante ipsum primis in faucibus. Integer mollis, turpis sit amet hendrerit interdum, quam libero scelerisque urna, ultrices lacinia sapien nulla in mi. Morbi in massa aliquam, aliquam ex sed, vehicula ipsum.</p>\r\n\r\n<p>Sed congue vulputate purus a pharetra. Vivamus tincidunt vehicula aliquam. Vivamus sed libero libero. Integer eleifend mauris viverra blandit tincidunt. Phasellus at dolor ex. Sed lobortis pulvinar gravida. Integer magna ex, efficitur at varius vitae, commodo eu erat. Donec non consequat elit, vitae lobortis libero. Fusce vulputate enim a ipsum fringilla pulvinar vel sed enim. Mauris auctor congue arcu sed dapibus. Proin scelerisque magna purus, ut pellentesque nibh blandit ut.</p>", "timestamp": "2022-10-20", "category": "News", "likes": []}}, {"model": "nooz2.post", "pk": 9, "fields": {"title": "F1 GP COTA", "title_tag": "Alpine", "header_image": "", "description": "Click above to read more", "author": 1, "body": "P.G @ Alpine, LFG!", "timestamp": "2022-10-20", "category": "Sports", "likes": []}}, {"model": "nooz2.post", "pk": 10, "fields": {"title": "My hiking post", "title_tag": "Hikes", "header_image": "", "description": "Click above to read more", "author": 1, "body": "Places to go <strong>hiking</strong> in Argentina!", "timestamp": "2022-10-20", "category": "Hiking", "likes": [7]}}, {"model": "nooz2.post", "pk": 11, "fields": {"title": "Article of articles", "title_tag": "biniz", "header_image": "", "description": "Click above to read more", "author": 1, "body": "testing the categories", "timestamp": "2022-10-20", "category": "Business", "likes": [7]}}, {"model": "nooz2.post", "pk": 12, "fields": {"title": "Restaurants to die for", "title_tag": "Where to go and why", "header_image": "", "description": "Click above to read more", "author": 1, "body": "This is a list of restaurants to go to and why you shouldn't miss out on them!", "timestamp": "2022-10-20", "category": "Food and Beverages", "likes": [7]}}, {"model": "nooz2.post", "pk": 13, "fields": {"title": "I'M NEW HERE", "title_tag": "novelty", "header_image": "", "description": "Click above to read more", "author": 3, "body": "OKLAHOMA", "timestamp": "2022-10-25", "category": "Business", "likes": [1, 3]}}, {"model": "nooz2.post", "pk": 14, "fields": {"title": "OTRO", "title_tag": "ESPANOL", "header_image": "", "description": "Click above to read more", "author": 3, "body": "BLADIBLABLA", "timestamp": "2022-10-25", "category": "Technology", "likes": [3, 5]}}, {"model": "nooz2.post", "pk": 15, "fields": {"title": "Choripan is the new burger", "title_tag": "Argentinian food", "header_image": "", "description": "Click above to read more", "author": 4, "body": "LFG Argentina!!", "timestamp": "2022-10-25", "category": "Food And Beverages", "likes": []}}, {"model": "nooz2.post", "pk": 16, "fields": {"title": "Another post bites the dust", "title_tag": "yala", "header_image": "", "description": "Click above to read more", "author": 1, "body": "another one for the books", "timestamp": "2022-10-25", "category": "Business", "likes": [1]}}, {"model": "nooz2.post", "pk": 17, "fields": {"title": "3rd user post", "title_tag": "3rd", "header_image": "", "description": "Click above to read more", "author": 4, "body": "hello there", "timestamp": "2022-10-25", "category": "Business", "likes": []}}, {"model": "nooz2.post", "pk": 18, "fields": {"title": "Pong Lenis Long Penis", "title_tag": "PLLP", "header_image": "", "description": "Click above to read more", "author": 5, "body": "Loremipsumdoloretdaghe", "timestamp": "2022-10-26", "category": "Gaming", "likes": [5, 6]}}, {"model": "nooz2.post", "pk": 20, "fields": {"title": "Testing out the description box", "title_tag": "testing out description box", "header_image": "", "description": "testing description here", "author": 1, "body": "<p>YOU SHALL SEE THE TEST</p>", "timestamp": "2022-10-26", "category": "Business", "likes": []}}, {"model": "nooz2.post", "pk": 21, "fields": {"title": "image test", "title_tag": "test img", "header_image": "images/6risx5.jpg", "description": "Lorem ipsum dolor sit amet, consectetur adipiscing", "author": 1, "body": "<p>Lorem ipsum dolor sit amet, consectetur adipiscing elit, sed do eiusmod tempor incididunt ut labore et dolore magna aliqua. Ornare lectus sit amet est placerat. Sem viverra aliquet eget sit. Libero justo laoreet sit amet cursus. Enim sed faucibus turpis in eu mi bibendum neque. Vulputate ut pharetra sit amet aliquam id diam maecenas. Donec adipiscing tristique risus nec feugiat in fermentum posuere urna. In eu mi bibendum neque egestas congue quisque egestas diam. Sed odio morbi quis commodo. Condimentum id venenatis a condimentum vitae sapien pellentesque habitant. Nibh ipsum consequat nisl vel pretium lectus quam. Lacus sed turpis tincidunt id aliquet risus. Sed enim ut sem viverra aliquet eget sit amet tellus. Vitae proin sagittis nisl rhoncus mattis. Rhoncus est pellentesque elit ullamcorper dignissim cras tincidunt lobortis feugiat. Sed elementum tempus egestas sed sed. Tellus mauris a diam maecenas sed. Velit sed ullamcorper morbi tincidunt ornare massa eget egestas. Praesent semper feugiat nibh sed pulvinar proin gravida hendrerit. Nunc vel risus commodo viverra maecenas accumsan.</p>\r\n\r\n<p>Parturient montes nascetur ridiculus mus. In cursus turpis massa tincidunt. Consectetur adipiscing elit duis tristique sollicitudin. Sed cras ornare arcu dui vivamus arcu felis bibendum. Nunc aliquet bibendum enim facilisis. Non sodales neque sodales ut etiam sit amet nisl purus. Metus vulputate eu scelerisque felis imperdiet proin fermentum. Ut venenatis tellus in metus vulputate eu scelerisque. Dolor sit amet consectetur adipiscing elit. Neque gravida in fermentum et sollicitudin ac orci phasellus. Arcu odio ut sem nulla pharetra diam sit. Ornare lectus sit amet est placerat in egestas erat imperdiet. Id neque aliquam vestibulum morbi blandit cursus risus at.</p>\r\n\r\n<p>Enim facilisis gravida neque convallis a cras semper. Diam donec adipiscing tristique risus nec feugiat in fermentum posuere. Sed enim ut sem viverra aliquet eget sit. Morbi blandit cursus risus at. Ligula ullamcorper malesuada proin libero nunc consequat interdum varius. Mi eget mauris pharetra et ultrices neque ornare. Et malesuada fames ac turpis egestas integer eget. Velit scelerisque in dictum non consectetur a erat. Quam adipiscing vitae proin sagittis nisl rhoncus mattis. Elit ut aliquam purus sit amet luctus. Posuere sollicitudin aliquam ultrices sagittis orci a. Id ornare arcu odio ut. Ipsum suspendisse ultrices gravida dictum. Pretium aenean pharetra magna ac. Fringilla ut morbi tincidunt augue interdum velit euismod. Quis eleifend quam adipiscing vitae proin sagittis nisl rhoncus. Urna id volutpat lacus laoreet non curabitur gravida. Dui accumsan sit amet nulla.</p>\r\n\r\n<p>Egestas diam in arcu cursus euismod quis viverra. Dignissim diam quis enim lobortis. Vulputate sapien nec sagittis aliquam malesuada. Suspendisse in est ante in nibh mauris cursus. Mauris nunc congue nisi vitae suscipit. Volutpat maecenas volutpat blandit aliquam etiam erat velit scelerisque in. Ipsum nunc aliquet bibendum enim facilisis. Commodo odio aenean sed adipiscing diam. Bibendum ut tristique et egestas quis ipsum suspendisse ultrices. Purus in massa tempor nec.</p>\r\n\r\n<p>Dictum fusce ut placerat orci. Vitae semper quis lectus nulla at volutpat diam ut. Ipsum dolor sit amet consectetur. Aliquam ut porttitor leo a diam sollicitudin tempor id. Potenti nullam ac tortor vitae purus faucibus ornare suspendisse. Vitae suscipit tellus mauris a diam. Nibh mauris cursus mattis molestie. Orci phasellus egestas tellus rutrum tellus pellentesque. Blandit massa enim nec dui nunc. Dictum at tempor commodo ullamcorper. Proin nibh nisl condimentum id. Id aliquet risus feugiat in ante metus dictum at. Lorem sed risus ultricies tristique nulla aliquet. Amet consectetur adipiscing elit duis tristique. Nibh tellus molestie nunc non blandit. Egestas sed sed risus pretium quam vulputate. Leo a diam sollicitudin tempor id eu.</p>", "timestamp": "2022-10-27", "category": "Business", "likes": [4]}}, {"model": "nooz2.post", "pk": 22, "fields": {"title": "testing again", "title_tag": "testing", "header_image": "images/301595632_483135296968631_6038393193123873319_n.jpg", "description": "testeroni", "author": 1, "body": "<p>ok this is a test</p>", "timestamp": "2022-10-28", "category": "Business", "likes": [1, 5, 6]}}, {"model": "nooz2.post", "pk": 23, "fields": {"title": "This is me showing Facu", "title_tag": "Facu n00bie", "header_image": "", "description": "This is an example of a post", "author": 1, "body": "<p>Lorem ipsum dolor sit amet, consectetur adipiscing elit, sed do eiusmod tempor incididunt ut labore et dolore magna aliqua. Facilisi etiam dignissim diam quis enim lobortis scelerisque. Semper quis lectus nulla at volutpat diam ut venenatis tellus. At elementum eu facilisis sed odio. Placerat orci nulla pellentesque dignissim enim sit amet venenatis urna. Morbi tristique senectus et netus et. Est ullamcorper eget nulla facilisi etiam dignissim. Ut tristique et egestas quis. Pellentesque pulvinar pellentesque habitant morbi tristique senectus. Enim facilisis gravida neque convallis a cras semper. Urna condimentum mattis pellentesque id nibh tortor. Laoreet sit amet cursus sit amet dictum. Mollis aliquam ut porttitor leo a diam. Turpis egestas maecenas pharetra convallis posuere morbi. Posuere ac ut consequat semper.</p>\r\n\r\n<p><s>Faucibus scelerisque eleifend donec pretium vulputate sapien nec. Amet venenatis urna cursus eget nunc scelerisque viverra mauris. Posuere urna nec tincidunt praesent semper feugiat. Molestie ac feugiat sed lectus vestibulum mattis. Cursus turpis massa tincidunt dui ut. Nullam eget felis eget nunc lobortis mattis aliquam. Eget nunc scelerisque viverra mauris in aliquam sem fringilla ut. Vitae congue eu consequat ac felis donec et. Non enim praesent elementum facilisis. In vitae turpis massa sed. Egestas purus viverra accumsan in nisl nisi scelerisque eu. Elementum integer enim neque volutpat ac tincidunt vitae semper. Vitae aliquet nec ullamcorper sit amet risus nullam eget felis. Risus viverra adipiscing at in. Ut venenatis tellus in metus vulputate eu scelerisque felis imperdiet. Pulvinar elementum integer enim neque.</s></p>", "timestamp": "2022-11-10", "category": "Gaming", "likes": [1, 3, 4]}}, {"model": "nooz2.post", "pk": 24, "fields": {"title": "Quitting lost ark!", "title_tag": "Games", "header_image": "", "description": "Quitting lost ark. The game is too time consuming.", "author": 1, "body": "<p>A lot of things have lead me to quitting this game, but it&#39;s mostly because the more you play the more there are things for you to do... test</p>", "timestamp": "2022-11-13", "category": "Gaming", "likes": [1, 3, 4, 5, 6]}}, {"model": "nooz2.post", "pk": 25, "fields": {"title": "Trying out timestamps with time", "title_tag": "Time", "header_image": "", "description": "Tiktok", "author": 3, "body": "<p>time is time but time without time is not time</p>", "timestamp": "2022-11-14", "category": "Business", "likes": [1, 7]}}, {"model": "nooz2.post", "pk": 26, "fields": {"title": "Let's go to Mars?", "title_tag": "Travel", "header_image": "", "description": "hike up mountains and fly to the moon", "author": 7, "body": "<p>&nbsp;</p>\r\n\r\n<p><img alt=\"\" src=\"https://cdn.mos.cms.futurecdn.net/kCbvedK262UGLXCLFeW5oS-970-80.jpg.webp\" style=\"height:546px; width:970px\" /></p>\r\n\r\n<p>&nbsp;</p>\r\n\r\n<p>Let&#39;s take off and fly away! Happy days are coming, am I loosing my mind as well?</p>", "timestamp": "2022-11-14", "category": "Hiking", "likes": [7]}}, {"model": "nooz2.post", "pk": 27, "fields": {"title": "Travel", "title_tag": "Travel tag", "header_image": "", "description": "Another journey", "author": 7, "body": "<p>Traveling is the best thing in this world. Exploring new countries, cultures, foods... uffff I can&#39;t explain how amazing that feeling is!</p>\r\n\r\n<p>&nbsp;</p>\r\n\r\n<p><img alt=\"\" src=\"https://wttc.org/DesktopModules/MVC/NewsArticleList/images/141_20201013185512_Consumer%20Survey%20Finds%2070%20Percent%20of%20Travelers%20Plan%20to%20Holiday%20in%202021.jpg\" /></p>", "timestamp": "2022-11-14", "category": "Travel", "likes": [1, 7]}}, {"model": "nooz2.post", "pk": 28, "fields": {"title": "Let's go to the moon?", "title_tag": "Travel", "header_image": "", "description": "Moon it is", "author": 4, "body": "<p>Moonlanding? Moonspanding?</p>", "timestamp": "2022-11-14", "category": "Travel", "likes": [4]}}, {"model": "nooz2.post", "pk": 29, "fields": {"title": "More articles", "title_tag": "Lets fill", "header_image": "", "description": "Business talk, more!", "author": 6, "body": "<p>business 1, 2, 3&nbsp;</p>", "timestamp": "2022-11-14", "category": "Business", "likes": []}}, {"model": "nooz2.post", "pk": 30, "fields": {"title": "Von Mur", "title_tag": "time", "header_image": "", "description": "another travel tip", "author": 6, "body": "<p>Let&#39;s go again somewhere forever?</p>", "timestamp": "2022-11-14", "category": "Travel", "likes": []}}, {"model": "nooz2.post", "pk": 31, "fields": {"title": "Another one", "title_tag": "Otro", "header_image": "", "description": "Again, we travel", "author": 5, "body": "<p>Vamos, otra vez. Let&#39;s partay</p>", "timestamp": "2022-11-14", "category": "Travel", "likes": []}}, {"model": "nooz2.post", "pk": 34, "fields": {"title": "Testing reverse", "title_tag": "reversing back", "header_image": "", "description": "time loop", "author": 1, "body": "<p>let&#39;s go back to this post once posted! ok</p>", "timestamp": "2022-11-15", "category": "Business", "likes": [1]}}, {"model": "nooz2.post", "pk": 35, "fields": {"title": "Testing reverse", "title_tag": "reversing back", "header_image": "", "description": "time loop", "author": 1, "body": "<p>let&#39;s go back to this post once posted!</p>", "timestamp": "2022-11-15", "category": "Business", "likes": []}}, {"model": "nooz2.post", "pk": 36, "fields": {"title": "Testing reverse", "title_tag": "reversing back", "header_image": "", "description": "time loop", "author": 1, "body": "<p>let&#39;s go back to this post once posted!</p>", "timestamp": "2022-11-15", "category": "Business", "likes": []}}, {"model": "nooz2.post", "pk": 37, "fields": {"title": "another reverse test", "title_tag": "gogo gadget", "header_image": "", "description": "reverse", "author": 1, "body": "<p>UNO</p>\r\n\r\n<p>IMAGE</p>", "timestamp": "2022-11-15", "category": "Business", "likes": []}}, {"model": "nooz2.category", "pk": 1, "fields": {"name": "Business"}}, {"model": "nooz2.category", "pk": 2, "fields": {"name": "Technology"}}, {"model": "nooz2.category", "pk": 3, "fields": {"name": "Sports"}}, {"model": "nooz2.category", "pk": 4, "fields": {"name": "Gaming"}}, {"model": "nooz2.category", "pk": 5, "fields": {"name": "Hiking"}}, {"model": "nooz2.category", "pk": 6, "fields": {"name": "Food And Beverages"}}, {"model": "nooz2.category", "pk": 7, "fields": {"name": "Travel"}}, {"model": "nooz2.category", "pk": 8, "fields": {"name": "Metaverse"}}, {"model": "nooz2.profile", "pk": 1, "fields": {"user": 1, "bio": "This is the founder of the website - and the main profile used for testing things out in the admin panel", "profile_pic": "images/profile/6risx5.jpg", "site_url": "https://mpysys.github.io", "facebook_url": "https://facebook.com/mmdaghe", "instagram_url": "https://instagram.com/monnet_morgan"}}, {"model": "nooz2.profile", "pk": 2, "fields": {"user": 3, "bio": "Second profile, also admin of site", "profile_pic": "images/profile/301548597_1013937960276415_3117549455487923369_n_FPQHmlq.jpg", "site_url": "https://mpysys.github.io", "facebook_url": "https://facebook.com/mmdaghe", "instagram_url": "https://instagram.com/monnet_morgan"}}, {"model": "nooz2.profile", "pk": 3, "fields": {"user": 4, "bio": "3rd profile, not admin", "profile_pic": "", "site_url": null, "facebook_url": null, "instagram_url": null}}, {"model": "nooz2.profile", "pk": 4, "fields": {"user": 5, "bio": "4th profile, not admin", "profile_pic": "images/profile/388_1630692775.jpg", "site_url": null, "facebook_url": null, "instagram_url": null}}, {"model": "nooz2.profile", "pk": 5, "fields": {"user": 7, "bio": "This the newest profile, for Teza", "profile_pic": "images/profile/17156032_10158359791025057_2045598021234550229_n.jpg", "site_url": null, "facebook_url": null, "instagram_url": null}}, {"model": "nooz2.profile", "pk": 6, "fields": {"user": 9, "bio": "testing this out", "profile_pic": "", "site_url": null, "facebook_url": null, "instagram_url": null}}, {"model": "nooz2.profile", "pk": 7, "fields": {"user": 6, "bio": "Barry Poppins, is the twin sister of Mary Poppins.", "profile_pic": "images/profile/61B7DH-2FjL._AC_UX569_.jpg", "site_url": null, "facebook_url": null, "instagram_url": null}}, {"model": "nooz2.profile", "pk": 8, "fields": {"user": 11, "bio": "je lui cree un profile", "profile_pic": "", "site_url": null, "facebook_url": null, "instagram_url": null}}, {"model": "nooz2.comment", "pk": 1, "fields": {"post": 21, "name": "Morgan", "body": "This is my very first comment!", "timestamp": "2022-11-02T18:52:39.811Z"}}, {"model": "nooz2.comment", "pk": 2, "fields": {"post": 21, "name": "Morgan", "body": "Second comment to test layout", "timestamp": "2022-11-02T19:01:19.296Z"}}, {"model": "nooz2.comment", "pk": 14, "fields": {"post": 27, "name": "Morgan", "body": "Traveling is so good!", "timestamp": "2022-11-14T17:25:09.525Z"}}, {"model": "nooz2.comment", "pk": 15, "fields": {"post": 27, "name": "Teza", "body": "Sooooo good", "timestamp": "2022-11-14T17:25:25.862Z"}}, {"model": "nooz2.comment", "pk": 16, "fields": {"post": 26, "name": "", "body": "testing this comment", "timestamp": "2022-11-14T17:34:32.152Z"}}, {"model": "nooz2.comment", "pk": 17, "fields": {"post": 26, "name": "1", "body": "testing again... my name should appear now", "timestamp": "2022-11-14T17:35:56.528Z"}}, {"model": "nooz2.comment", "pk": 18, "fields": {"post": 26, "name": "Morgan Monnet", "body": "testing this out - should be first name and last name of user posting.", "timestamp": "2022-11-14T17:39:22.123Z"}}, {"model": "nooz2.comment", "pk": 19, "fields": {"post": 26, "name": "Teza Phenomenal", "body": "testing from a new account", "timestamp": "2022-11-14T17:40:13.542Z"}}, {"model": "nooz2.comment", "pk": 20, "fields": {"post": 26, "name": "Morgan Monnet", "body": "Testing more styling on the comment area", "timestamp": "2022-11-15T16:46:13.026Z"}}, {"model": "nooz2.comment", "pk": 21, "fields": {"post": 26, "name": "Morgan Monnet", "body": "Another test for reverse_lazy", "timestamp": "2022-11-15T16:47:48.859Z"}}, {"model": "nooz2.comment", "pk": 22, "fields": {"post": 26, "name": "Morgan Monnet", "body": "Another test for reverse_lazy", "timestamp": "2022-11-15T16:48:24.362Z"}}, {"model": "nooz2.comment", "pk": 23, "fields": {"post": 26, "name": "Morgan Monnet", "body": "testign reverse lazy again", "timestamp": "2022-11-15T16:48:35.363Z"}}, {"model": "nooz2.comment", "pk": 24, "fields": {"post": 26, "name": "Morgan Monnet", "body": "testign reverse lazy again", "timestamp": "2022-11-15T16:50:24.110Z"}}, {"model": "nooz2.comment", "pk": 25, "fields": {"post": 26, "name": "Morgan Monnet", "body": "testign reverse lazy again", "timestamp": "2022-11-15T16:50:33.233Z"}}, {"model": "nooz2.comment", "pk": 26, "fields": {"post": 26, "name": "Morgan Monnet", "body": "testign reverse lazy again", "timestamp": "2022-11-15T16:55:38.318Z"}}, {"model": "nooz2.comment", "pk": 27, "fields": {"post": 25, "name": "Morgan Monnet", "body": "leaving a comment here", "timestamp": "2022-11-15T16:57:30.811Z"}}, {"model": "nooz2.comment", "pk": 28, "fields": {"post": 25, "name": "Morgan Monnet", "body": "does post_details work?", "timestamp": "2022-11-15T17:12:03.313Z"}}, {"model": "nooz2.comment", "pk": 29, "fields": {"post": 25, "name": "Morgan Monnet", "body": "does post_details work?", "timestamp": "2022-11-15T17:13:44.290Z"}}, {"model": "nooz2.comment", "pk": 30, "fields": {"post": 25, "name": "Morgan Monnet", "body": "does post_details work?", "timestamp": "2022-11-15T17:14:01.480Z"}}, {"model": "nooz2.comment", "pk": 31, "fields": {"post": 28, "name": "Morgan Monnet", "body": "Adding a comment here!", "timestamp": "2022-11-15T17:14:48.947Z"}}, {"model": "nooz2.comment", "pk": 32, "fields": {"post": 30, "name": "Morgan Monnet", "body": "Losing my mind!", "timestamp": "2022-11-15T17:15:07.148Z"}}, {"model": "nooz2.comment", "pk": 33, "fields": {"post": 25, "name": "Morgan Monnet", "body": "another try over here", "timestamp": "2022-11-15T17:17:32.127Z"}}, {"model": "nooz2.comment", "pk": 34, "fields": {"post": 25, "name": "Morgan Monnet", "body": "another try over here", "timestamp": "2022-11-15T17:18:01.456Z"}}, {"model": "nooz2.comment", "pk": 35, "fields": {"post": 25, "name": "Morgan Monnet", "body": "another try over here", "timestamp": "2022-11-15T17:18:12.885Z"}}, {"model": "nooz2.comment", "pk": 36, "fields": {"post": 25, "name": "Morgan Monnet", "body": "uno mas", "timestamp": "2022-11-15T17:18:19.750Z"}}, {"model": "nooz2.comment", "pk": 37, "fields": {"post": 37, "name": "Morgan Monnet", "body": "REVERSE UNO", "timestamp": "2022-11-15T17:31:22.788Z"}}]